{"chunk_definitions":[{"row":58,"row_count":1,"visible":true,"expansion_state":0,"options":{"engine":"r","label":"unnamed-chunk-12"},"document_id":"1CAEB3D1","chunk_id":"cgwo6d9q5ostp","chunk_label":"unnamed-chunk-3"},{"row":72,"row_count":1,"visible":true,"expansion_state":0,"options":{"engine":"r","label":"unnamed-chunk-14"},"document_id":"1CAEB3D1","chunk_id":"cbq6yrwp90oyy","chunk_label":"unnamed-chunk-4"},{"row":88,"row_count":1,"visible":true,"expansion_state":0,"options":{"engine":"r","label":"unnamed-chunk-15"},"document_id":"1CAEB3D1","chunk_id":"cdlknra79deav","chunk_label":"unnamed-chunk-5"},{"row":112,"row_count":1,"visible":true,"expansion_state":0,"options":{"engine":"r","label":"unnamed-chunk-18"},"document_id":"1CAEB3D1","chunk_id":"cc0ej3o9uj9iu","chunk_label":"unnamed-chunk-6"},{"row":120,"row_count":1,"visible":true,"expansion_state":0,"options":{"engine":"r","label":"unnamed-chunk-1"},"document_id":"1CAEB3D1","chunk_id":"cquz9chod8bfo","chunk_label":"unnamed-chunk-7"},{"row":128,"row_count":1,"visible":true,"expansion_state":0,"options":{"engine":"r","label":"unnamed-chunk-1"},"document_id":"1CAEB3D1","chunk_id":"c5vgopb1xj44f","chunk_label":"unnamed-chunk-8"},{"row":198,"row_count":1,"visible":true,"expansion_state":0,"options":{"engine":"r","label":"unnamed-chunk-8"},"document_id":"1CAEB3D1","chunk_id":"cttvlwmbsjcmd","chunk_label":"unnamed-chunk-15"},{"row":208,"row_count":1,"visible":true,"expansion_state":0,"options":{"engine":"r","label":"unnamed-chunk-2"},"document_id":"1CAEB3D1","chunk_id":"cvlvd2xtg0c3u","chunk_label":"unnamed-chunk-16"},{"row":213,"row_count":1,"visible":true,"expansion_state":0,"options":{"engine":"r","label":"unnamed-chunk-1"},"document_id":"1CAEB3D1","chunk_id":"cvuucl7gb0y6w","chunk_label":"unnamed-chunk-17"},{"row":222,"row_count":1,"visible":true,"expansion_state":0,"options":{"engine":"r","label":"unnamed-chunk-1"},"document_id":"1CAEB3D1","chunk_id":"cwz1p06hup4ag","chunk_label":"unnamed-chunk-18"},{"row":229,"row_count":1,"visible":true,"expansion_state":0,"options":{"engine":"r","label":"unnamed-chunk-2"},"document_id":"1CAEB3D1","chunk_id":"cggurg1kuwuv0","chunk_label":"unnamed-chunk-19"},{"row":243,"row_count":1,"visible":true,"expansion_state":0,"options":{"engine":"r","label":"unnamed-chunk-5"},"document_id":"1CAEB3D1","chunk_id":"cwee4izwyfv7g","chunk_label":"unnamed-chunk-20"},{"row":253,"row_count":1,"visible":true,"expansion_state":0,"options":{"engine":"r","label":"unnamed-chunk-2"},"document_id":"1CAEB3D1","chunk_id":"c5h3gx0jpjnx9","chunk_label":"unnamed-chunk-21"},{"row":261,"row_count":1,"visible":true,"expansion_state":0,"options":{"engine":"r","label":"unnamed-chunk-5"},"document_id":"1CAEB3D1","chunk_id":"cxiuu1uch21mr","chunk_label":"unnamed-chunk-22"},{"row":282,"row_count":1,"visible":true,"expansion_state":0,"options":{"engine":"r","label":"unnamed-chunk-1"},"document_id":"1CAEB3D1","chunk_id":"cuobakp0wy8p9","chunk_label":"unnamed-chunk-24"},{"row":289,"row_count":1,"visible":true,"expansion_state":0,"options":{"engine":"r","label":"unnamed-chunk-3"},"document_id":"1CAEB3D1","chunk_id":"ci9s726uknifm","chunk_label":"unnamed-chunk-25"},{"row":299,"row_count":1,"visible":true,"expansion_state":0,"options":{"engine":"r","label":"unnamed-chunk-6"},"document_id":"1CAEB3D1","chunk_id":"czeub7h7pdimi","chunk_label":"unnamed-chunk-26"},{"row":323,"row_count":1,"visible":true,"expansion_state":0,"options":{"engine":"r","label":"unnamed-chunk-8"},"document_id":"1CAEB3D1","chunk_id":"cb24wgwyj53mi","chunk_label":"unnamed-chunk-29"},{"row":331,"row_count":1,"visible":true,"expansion_state":0,"options":{"engine":"r","label":"unnamed-chunk-7"},"document_id":"1CAEB3D1","chunk_id":"cr7uvjl62isga","chunk_label":"unnamed-chunk-30"},{"row":338,"row_count":1,"visible":true,"expansion_state":0,"options":{"engine":"r","label":"unnamed-chunk-9"},"document_id":"1CAEB3D1","chunk_id":"ck0z8sf0wwpzf","chunk_label":"unnamed-chunk-31"},{"row":351,"row_count":1,"visible":true,"expansion_state":0,"options":{"engine":"r","label":"unnamed-chunk-19"},"document_id":"1CAEB3D1","chunk_id":"cmw2fedegane0","chunk_label":"unnamed-chunk-32"},{"row":362,"row_count":1,"visible":true,"expansion_state":0,"options":{"engine":"r","label":"unnamed-chunk-14"},"document_id":"1CAEB3D1","chunk_id":"cgtezvzwjgllx","chunk_label":"unnamed-chunk-33"},{"row":373,"row_count":1,"visible":true,"expansion_state":0,"options":{"engine":"r","label":"unnamed-chunk-9"},"document_id":"1CAEB3D1","chunk_id":"cnn91ue1sac8g","chunk_label":"unnamed-chunk-34"},{"row":384,"row_count":1,"visible":true,"expansion_state":0,"options":{"engine":"r","label":"unnamed-chunk-2"},"document_id":"1CAEB3D1","chunk_id":"c75di6cabvzud","chunk_label":"unnamed-chunk-35"}],"doc_write_time":1644258376}